[
  {"code":"01","name":"Điện Biên"},
  {"code":"02","name":"Lai Châu"},
  {"code":"03","name":"Sơn La"},
  {"code":"04","name":"Yên Bái"},
  {"code":"05","name":"Hòa Bình"},
  {"code":"06","name":"Hà Giang"},
  {"code":"07","name":"Cao Bằng"},
  {"code":"08","name":"Bắc Kạn"},
  {"code":"09","name":"Tuyên Quang"},
  {"code":"10","name":"Lào Cai"},
  {"code":"11","name":"Lạng Sơn"},
  {"code":"12","name":"Bắc Giang"},
  {"code":"13","name":"Phú Thọ"},
  {"code":"14","name":"Thái Nguyên"},
  {"code":"15","name":"Quảng Ninh"},
  {"code":"16","name":"Hà Nội"},
  {"code":"17","name":"Hải Phòng"},
  {"code":"18","name":"Hải Dương"},
  {"code":"19","name":"Hưng Yên"},
  {"code":"20","name":"Hà Nam"},
  {"code":"21","name":"Nam Định"},
  {"code":"22","name":"Thái Bình"},
  {"code":"23","name":"Ninh Bình"},
  {"code":"24","name":"Vĩnh Phúc"},
  {"code":"25","name":"Bắc Ninh"},
  {"code":"26","name":"Thanh Hóa"},
  {"code":"27","name":"Nghệ An"},
  {"code":"28","name":"Hà Tĩnh"},
  {"code":"29","name":"Quảng Bình"},
  {"code":"30","name":"Quảng Trị"},
  {"code":"31","name":"Thừa Thiên Huế"},
  {"code":"32","name":"Đà Nẵng"},
  {"code":"33","name":"Quảng Nam"},
  {"code":"34","name":"Quảng Ngãi"},
  {"code":"35","name":"Bình Định"},
  {"code":"36","name":"Phú Yên"},
  {"code":"37","name":"Khánh Hòa"},
  {"code":"38","name":"Ninh Thuận"},
  {"code":"39","name":"Bình Thuận"},
  {"code":"40","name":"Kon Tum"},
  {"code":"41","name":"Gia Lai"},
  {"code":"42","name":"Đắk Lắk"},
  {"code":"43","name":"Đắk Nông"},
  {"code":"44","name":"Lâm Đồng"},
  {"code":"45","name":"Bình Phước"},
  {"code":"46","name":"Bình Dương"},
  {"code":"47","name":"Đồng Nai"},
  {"code":"48","name":"Tây Ninh"},
  {"code":"49","name":"Bà Rịa - Vũng Tàu"},
  {"code":"50","name":"Thành phố Hồ Chí Minh"},
  {"code":"51","name":"Long An"},
  {"code":"52","name":"Tiền Giang"},
  {"code":"53","name":"Bến Tre"},
  {"code":"54","name":"Trà Vinh"},
  {"code":"55","name":"Vĩnh Long"},
  {"code":"56","name":"Đồng Tháp"},
  {"code":"57","name":"An Giang"},
  {"code":"58","name":"Kiên Giang"},
  {"code":"59","name":"Cà Mau"},
  {"code":"60","name":"Bạc Liêu"},
  {"code":"61","name":"Sóc Trăng"},
  {"code":"62","name":"Hậu Giang"}
]
